player_id,player,tour,serve_pct,return_pct,player_status
1,A. Kiick,WTA,0.5492957746478874,0.3194444444444444,Inactive
2,A. Kerber,WTA,0.5916619074814392,0.4373956594323873,Active
3,A. Molcan,ATP,0.6299212598425197,0.3542319749216301,Inactive
4,S. Baez,ATP,0.5976331360946746,0.365679264555669,Active
5,J. Draper,ATP,0.6504424778761062,0.3732142857142857,Active
6,J. Larsson,WTA,0.4,0.3043478260869565,Inactive
7,F. Ferreira Silva,ATP,0.5565217391304348,0.217391304347826,Inactive
8,S. Nagal,ATP,0.5784114052953157,0.3540372670807453,Active
9,T. Korpatsch,WTA,0.5411931818181818,0.3751987281399046,Active
10,J. Isner,ATP,0.7241379310344828,0.2946692991115499,Inactive
11,A. Lena Friedsam,WTA,0.5774058577405857,0.3662551440329218,Inactive
12,D. Koepfer,ATP,0.6088264794383149,0.3661230931088901,Active
13,M. Niculescu,WTA,0.4581497797356828,0.3880597014925373,Inactive
14,G. Minnen,WTA,0.5615696887686062,0.3954763536668951,Active
15,A. Schmiedlova,WTA,0.516,0.4389140271493212,Inactive
16,G. Simon,ATP,0.5792474344355758,0.3739021329987453,Inactive
17,J. Riera,WTA,0.3653846153846153,0.4210526315789473,Active
18,M. Bjorklund,WTA,0.5306122448979592,0.3695652173913043,Inactive
19,M. Betova,WTA,0.4615384615384615,0.3725490196078431,Inactive
20,R. Bautista Agut,ATP,0.6354712041884817,0.3908742820676452,Active
21,A. Popyrin,ATP,0.6531432748538013,0.3456464379947229,Active
22,A. Kalinina,WTA,0.5366379310344828,0.437948717948718,Active
23,K. Edmund,ATP,0.6080178173719376,0.3154205607476635,Inactive
24,A. Walton,ATP,0.6693989071038251,0.362962962962963,Active
25,K. Jacquet,ATP,0.5168539325842697,0.3125,Active
26,V. Kopriva,ATP,0.4791666666666667,0.1724137931034483,Active
27,P. Hercog,WTA,0.5534407027818448,0.417027417027417,Inactive
28,K. Kozlova,WTA,0.477751756440281,0.4285714285714285,Inactive
29,J. Manuel Cerundolo,ATP,0.5319148936170213,0.3321033210332103,Inactive
30,L. Nardi,ATP,0.5572916666666666,0.3382352941176471,Active
31,F. Di Lorenzo,WTA,0.618421052631579,0.3707865168539326,Inactive
32,M. Kessler,WTA,0.4485981308411215,0.3428571428571428,Active
33,R. Peterson,WTA,0.5083056478405316,0.4011695906432748,Inactive
34,L. Tsurenko,WTA,0.5145067698259188,0.4561933534743202,Active
35,S. Tsitsipas,ATP,0.6866738894907909,0.3680829015544041,Active
36,Y. Yuan,WTA,0.6008146639511202,0.3572854291417165,Active
37,A. Ramos-Vinolas,ATP,0.6060659714010843,0.3358267256236293,Active
38,D. Medvedev,ATP,0.6733761840324763,0.4222994314592546,Active
39,V. Lepchenko,WTA,0.5627240143369175,0.4102564102564102,Active
40,K. Pliskova,WTA,0.6181764532310416,0.4056432038834951,Active
41,G. Monfils,ATP,0.6374485596707818,0.364137346333192,Active
42,L. Musetti,ATP,0.6403631284916201,0.3756414642490592,Active
43,C. Garin,ATP,0.6255940257976917,0.383898868928809,Active
44,L. Rosol,ATP,0.6643835616438356,0.3554216867469879,Inactive
45,F. Cobolli,ATP,0.6465116279069767,0.3672230652503793,Active
46,Y. Hanfmann,ATP,0.5935828877005348,0.3080168776371308,Active
47,D. Kasatkina,WTA,0.5383765875207068,0.48360200111172863,Active
48,S. Mochizuki,ATP,0.55,0.3260869565217391,Inactive
49,P. Sousa,ATP,0.5516129032258065,0.3,Inactive
50,K. Kawa,WTA,0.5110132158590308,0.4152542372881356,Inactive
51,J. Clarke,ATP,0.6293103448275862,0.314410480349345,Inactive
52,C. Zhao,WTA,0.5555555555555556,0.4268292682926829,Inactive
53,K. Baindl,WTA,0.5,0.4169381107491857,Active
54,G. Mpetshi Perricard,ATP,0.7001733102253033,0.2763915547024952,Active
55,P. Parmentier,WTA,0.4576271186440678,0.3902439024390244,Inactive
56,K. Clijsters,WTA,0.5952380952380952,0.4,Inactive
57,G. Loffhagen,ATP,0.6213592233009708,0.2325581395348837,Inactive
58,J. Jung,ATP,0.5493562231759657,0.4186046511627907,Inactive
59,E. Bouchard,WTA,0.5412844036697247,0.4744186046511628,Inactive
60,E. Yu,WTA,0.5737704918032787,0.2127659574468085,Inactive
61,S. Kwon,ATP,0.6198860693940963,0.33957358294331763,Active
62,M. Vilella Martinez,ATP,0.6017441860465116,0.2419928825622775,Inactive
63,N. Parrizas Diaz,WTA,0.4798387096774193,0.3878326996197718,Inactive
64,F. Comesana,ATP,0.6505576208178439,0.3420026007802341,Active
65,M. Bouzkova,WTA,0.5848648648648649,0.4202127659574468,Active
66,F. Fognini,ATP,0.6254994551398474,0.3633217993079585,Active
67,R. Berankis,ATP,0.6293622141997594,0.3555417185554171,Inactive
68,P. Martinez,ATP,0.5950868276154172,0.3833922261484099,Active
69,A. Zverev,ATP,0.6999648258881463,0.3933634522511294,Active
70,V. Tomova,WTA,0.5388601036269429,0.40498034076015726,Active
71,N. Djokovic,ATP,0.6995890229351717,0.4168930600148184,Active
72,M. Keys,WTA,0.6308697427521437,0.4386381631037213,Active
73,A. Potapova,WTA,0.5641240569991618,0.4153846153846154,Active
74,Q. Zheng,WTA,0.6123417721518988,0.4270516717325228,Active
75,G. Brouwer,ATP,0.6655737704918033,0.3198757763975155,Inactive
76,L. Bronzetti,WTA,0.5537720706260032,0.4191919191919191,Active
77,M. Linette,WTA,0.5860495436766623,0.4216791979949875,Active
78,S. Riffice,ATP,0.5625,0.2317073170731707,Inactive
79,A. Hoang,ATP,0.5810276679841897,0.3405639913232104,Inactive
80,E. Bektas,WTA,0.5789473684210527,0.3065693430656934,Active
81,A. Kovacevic,ATP,0.593607305936073,0.2971698113207547,Active
82,K. Nishikori,ATP,0.6057810578105781,0.3848039215686274,Active
83,T. Sandgren,ATP,0.6307277628032345,0.3176638176638177,Inactive
84,F. Contreras Gomez,WTA,0.543859649122807,0.22,Inactive
85,A. Ritschard,ATP,0.6015325670498084,0.3403361344537815,Inactive
86,E. Ruusuvuori,ATP,0.6238821672803787,0.3633572159672467,Active
87,Y. Putintseva,WTA,0.5603448275862069,0.4526892430278884,Active
88,T. Schoolkate,ATP,0.6346749226006192,0.3786127167630058,Active
89,Y. Uchiyama,ATP,0.5788770053475936,0.3266761768901569,Inactive
90,Z. Diyas,WTA,0.5502824858757062,0.4245989304812834,Inactive
91,M. Gasparyan,WTA,0.4597402597402597,0.407624633431085,Inactive
92,A. Kuznetsov,ATP,0.6492146596858639,0.2666666666666666,Inactive
93,K. Day,WTA,0.5,0.3714285714285714,Inactive
94,E. Andreeva,WTA,0.5735294117647058,0.3428571428571428,Active
95,F. Lopez,ATP,0.6356382978723404,0.2699029126213592,Inactive
96,M. Kukushkin,ATP,0.564935064935065,0.3674377224199288,Inactive
97,B. Fruhvirtova,WTA,0.47953216374269,0.4538461538461538,Active
98,S. Wei Hsieh,WTA,0.5344827586206896,0.4451219512195122,Inactive
99,A. Sevastova,WTA,0.5593471810089021,0.3893939393939394,Inactive
100,M. Ymer,ATP,0.5855034722222222,0.3895297249334516,Inactive
101,F. Tiafoe,ATP,0.6545564030509835,0.3782861729881597,Active
102,E. Navarro,WTA,0.5935706084959816,0.4532453245324532,Active
103,K. Juvan,WTA,0.5636604774535809,0.4152484683458134,Inactive
104,F. Meligeni Alves,ATP,0.6504854368932039,0.329153605015674,Active
105,V. Gracheva,WTA,0.5662568306010929,0.4336228287841191,Active
106,L. Van Assche,ATP,0.5788113695090439,0.3407202216066482,Active
107,S. Caruso,ATP,0.5960717335610589,0.355229040622299,Inactive
108,S. Stosur,WTA,0.4909638554216867,0.4012539184952978,Inactive
109,B. Paire,ATP,0.5729508196721311,0.36356141797197034,Inactive
110,J. Brooksby,ATP,0.6030405405405406,0.4106830122591944,Inactive
111,A. Sabalenka,WTA,0.6162624821683309,0.47226938313525746,Active
112,S. Wawrinka,ATP,0.6622574955908289,0.3613074204946996,Active
113,D. Evans,ATP,0.6360845839017737,0.37642330877428,Active
114,F. Diaz Acosta,ATP,0.5893333333333334,0.3164556962025316,Active
115,A. Moro Canas,ATP,0.6511627906976745,0.2429906542056074,Active
116,M. Trevisan,WTA,0.51209398756047,0.4237160120845921,Active
117,K. Flipkens,WTA,0.5587703435804702,0.4194139194139194,Inactive
118,S. Cirstea,WTA,0.5816368923971749,0.4267872523686476,Active
119,N. Gombos,ATP,0.6237373737373737,0.36117936117936117,Inactive
120,P. Cuevas,ATP,0.6197636949516648,0.344041450777202,Inactive
121,C. Ilkel,ATP,0.5446428571428571,0.2333333333333333,Inactive
122,J. Kubler,ATP,0.6361848574237955,0.3439829605963791,Inactive
123,P. Jubb,ATP,0.6320474777448071,0.3540372670807453,Active
124,C. Norrie,ATP,0.6350222717149221,0.3910168090383025,Active
125,T. Monteiro,ATP,0.6664864864864865,0.2964205816554809,Active
126,D. Galfi,WTA,0.5911602209944752,0.3914285714285714,Active
127,J. Sinner,ATP,0.6633897687966502,0.40791502484152814,Active
128,A. Parks,WTA,0.546031746031746,0.3809523809523809,Active
129,T. Zidansek,WTA,0.5646766169154229,0.4230438521066208,Inactive
130,P. Lorenzi,ATP,0.6190476190476191,0.2183908045977011,Inactive
131,R. Haase,ATP,0.660377358490566,0.2678571428571428,Inactive
132,J. Brady,WTA,0.6120331950207469,0.4428353658536585,Inactive
133,F. Gaio,ATP,0.6074074074074074,0.3277310924369748,Inactive
134,J. Fearnley,ATP,0.7074235807860262,0.3134920634920635,Active
135,L. Arruabarrena,WTA,0.4909090909090909,0.2884615384615384,Inactive
136,C. Moutet,ATP,0.5982828739267962,0.3677332131590806,Active
137,S. Kuznetsova,WTA,0.5311871227364185,0.4552845528455284,Inactive
138,H. Tan,WTA,0.5238095238095238,0.4230769230769231,Inactive
139,E. Mertens,WTA,0.5939875604699378,0.4567003792667509,Active
140,E. Alexandrova,WTA,0.581573896353167,0.4444444444444445,Active
141,N. Borges,ATP,0.6252045826513911,0.37198067632850246,Active
142,C. Gauff,WTA,0.6164429530201342,0.43551523007128956,Active
143,V. Kuzmova,WTA,0.4936305732484076,0.34768211920529807,Inactive
144,H. Grenier,ATP,0.6434359805510534,0.3100511073253833,Active
145,A. Bedene,ATP,0.6508238276299113,0.3492163009404388,Inactive
146,M. Zanevska,WTA,0.5397923875432526,0.3569131832797427,Inactive
147,S. Johnson,ATP,0.6302660753880266,0.3115246098439376,Inactive
148,C. Eubanks,ATP,0.6650215916101172,0.2949832775919732,Active
149,Y. Wang,WTA,0.5643312101910828,0.4209827357237716,Active
150,T. Daniel,ATP,0.6118909991742362,0.2985480943738657,Active
151,C. Harrison,WTA,0.5718954248366013,0.4,Inactive
152,J. Ignacio Londero,ATP,0.6127450980392157,0.4027777777777778,Inactive
153,M. Sakkari,WTA,0.6078967943706021,0.44252026529108324,Active
154,J. Vesely,ATP,0.6545454545454545,0.3217821782178218,Inactive
155,T. Martincova,WTA,0.5716004813477737,0.3965728274173806,Inactive
156,T. Paul,ATP,0.6450704225352113,0.3828023828023828,Active
157,J. Mensik,ATP,0.6109913793103449,0.3556581986143187,Active
158,D. Dzumhur,ATP,0.5642633228840125,0.2872340425531915,Inactive
159,A. Bolsova,WTA,0.5329341317365269,0.3486842105263157,Inactive
160,T. Skatov,ATP,0.5648535564853556,0.330188679245283,Active
161,M. Janvier,ATP,0.5841584158415841,0.3428571428571428,Active
162,P. Kohlschreiber,ATP,0.6401151631477927,0.3499025341130604,Inactive
163,P. Tig,WTA,0.5544794188861986,0.3970588235294117,Inactive
164,Y. Shvedova,WTA,0.4301075268817204,0.3909090909090909,Inactive
165,L. Klein,ATP,0.6666666666666666,0.3595505617977528,Inactive
166,M. Lajal,ATP,0.5784313725490197,0.2696629213483146,Active
167,N. Moreno De Alboran,ATP,0.4946236559139785,0.3292682926829268,Inactive
168,D. Shnaider,WTA,0.6200873362445415,0.4553376906318083,Active
169,E. Benchetrit,ATP,0.5223880597014925,0.2262773722627737,Inactive
170,N. Lae Han,WTA,0.3061224489795918,0.3636363636363636,Inactive
171,G. Muguruza,WTA,0.6122762148337596,0.4461687681862269,Inactive
172,M. Vondrousova,WTA,0.5830670926517572,0.4644864588656106,Active
173,N. Jarry,ATP,0.6547368421052632,0.3475670307845084,Active
174,J. Sock,ATP,0.6513105639396346,0.36273006134969316,Inactive
175,R. Gasquet,ATP,0.6146735990756788,0.3592525617842073,Inactive
176,L. Zhu,WTA,0.5717035611164581,0.43693693693693697,Active
177,C. Giorgi,WTA,0.5822187254130606,0.4045977011494253,Inactive
178,J. Burrage,WTA,0.5625,0.35353535353535354,Inactive
179,A. Rus,WTA,0.5473790322580645,0.3651137594799566,Active
180,H. Rune,ATP,0.632570181135888,0.31774939357186166,Active
181,A. Blinkova,WTA,0.5135869565217391,0.435969868173258,Active
182,T. Son Kwiatkowski,ATP,0.5785123966942148,0.2924528301886792,Inactive
183,F. Cerundolo,ATP,0.6057319907048799,0.3658340048348106,Active
184,T. Kokkinakis,ATP,0.6547008547008547,0.3039485766758494,Active
185,B. Krejcikova,WTA,0.605629026788742,0.4372536136662286,Active
186,Q. Halys,ATP,0.6638961038961039,0.3375130616509927,Active
187,L. Fernandez,WTA,0.5748031496062992,0.4187866927592955,Active
188,S. Diez,ATP,0.5396825396825397,0.3539823008849557,Inactive
189,E. Gabriela Ruse,WTA,0.5269168026101142,0.4101221640488656,Active
190,A. Karolina Schmiedlova,WTA,0.5690890481064483,0.4031413612565445,Active
191,O. Govortsova,WTA,0.4563758389261745,0.3333333333333333,Inactive
192,V. Savinykh,WTA,0.5315315315315315,0.4444444444444444,Inactive
193,Y. Watanuki,ATP,0.6645299145299145,0.2790123456790123,Inactive
194,A. Harris,ATP,0.5542168674698795,0.2948717948717949,Inactive
195,Y. Bu,ATP,0.5,0.2658227848101265,Active
196,K. Mladenovic,WTA,0.5351724137931034,0.4123847167325428,Inactive
197,A. Vavassori,ATP,0.6060606060606061,0.1866666666666666,Inactive
198,E. Gomez,ATP,0.5625,0.3518518518518518,Inactive
199,S. Kozlov,ATP,0.4268292682926829,0.3875,Inactive
200,E. Gulbis,ATP,0.6863354037267081,0.3375394321766561,Inactive
201,B. Zapata Miralles,ATP,0.6158759124087592,0.34676007005253934,Inactive
202,D. Snigur,WTA,0.5591836734693878,0.4083333333333333,Active
203,P. Gunneswaran,ATP,0.5714285714285714,0.336734693877551,Inactive
204,L. Sun,WTA,0.6275720164609053,0.391304347826087,Active
205,M. Sharapova,WTA,0.5652173913043478,0.3934426229508196,Inactive
206,J. Adina Cristian,WTA,0.4347826086956521,0.36,Inactive
207,V. Troicki,ATP,0.6235955056179775,0.4021739130434782,Inactive
208,D. Istomin,ATP,0.5632183908045977,0.2,Inactive
209,M. Stakusic,WTA,0.5192307692307693,0.359375,Active
210,S. Williams,WTA,0.6118493909191584,0.45104333868378815,Inactive
211,J. Wolf,ATP,0.634698275862069,0.37354497354497357,Inactive
212,O. Jabeur,WTA,0.6147757255936676,0.4566831683168317,Active
213,A. Karatsev,ATP,0.6471725471242146,0.3783403656821378,Active
214,A. Mannarino,ATP,0.615146831530139,0.3569393569393569,Active
215,K. Zavatska,WTA,0.4540816326530612,0.4044943820224719,Inactive
216,S. Korda,ATP,0.6409756097560976,0.3701834862385321,Active
217,A. Konjuh,WTA,0.4841269841269841,0.4089219330855018,Inactive
218,I. Camelia Begu,WTA,0.544290288153682,0.4095634095634096,Active
219,A. Cazaux,ATP,0.6267409470752089,0.3168789808917197,Active
220,H. Watson,WTA,0.5810928013876843,0.3809106830122592,Active
221,S. Zhang,WTA,0.5671182266009852,0.4308375634517766,Active
222,M. Brengle,WTA,0.5081669691470054,0.4545454545454545,Inactive
223,M. Kostyuk,WTA,0.5859508852084523,0.43578485181119647,Active
224,L. Siegemund,WTA,0.5554484088717454,0.40139442231075695,Active
225,J. Pegula,WTA,0.5998688094457199,0.4561752988047808,Active
226,P. Andujar,ATP,0.5708333333333333,0.38081805359661497,Inactive
227,P. Martic,WTA,0.598884598884599,0.4156829679595278,Active
228,Q. Wang,WTA,0.5573770491803278,0.4408983451536643,Active
229,Z. Zhang,ATP,0.6321656050955414,0.3425692695214106,Active
230,H. Baptiste,WTA,0.5286343612334802,0.4041666666666667,Inactive
231,A. Giannessi,ATP,0.5621301775147929,0.3426573426573426,Inactive
232,A. Vukic,ATP,0.608154020385051,0.3247480403135498,Active
233,S. Rogers,WTA,0.5932311621966795,0.4181925575900768,Active
234,C. Burel,WTA,0.5190236898779612,0.4539614561027837,Active
235,C. Stebe,ATP,0.5745614035087719,0.3376068376068376,Inactive
236,Z. Bai,WTA,0.5290322580645161,0.3594771241830065,Active
237,K. Kucova,WTA,0.5427350427350427,0.4598214285714285,Inactive
238,L. Noskova,WTA,0.5913200723327305,0.3877917414721723,Active
239,D. Stricker,ATP,0.6456692913385826,0.3518005540166205,Active
240,D. Novak,ATP,0.6140939597315436,0.3261105092091008,Inactive
241,M. Fucsovics,ATP,0.6260118726389639,0.3847188592951305,Active
242,L. Broady,ATP,0.6027846027846028,0.3773109243697479,Active
243,J. Bouzas Maneiro,WTA,0.5547619047619048,0.4393203883495146,Active
244,M. Buzarnescu,WTA,0.5795677799607073,0.36520076481835567,Inactive
245,S. Hsieh,WTA,0.5318818040435459,0.4642857142857143,Inactive
246,V. Grammatikopoulou,WTA,0.4711538461538461,0.5086206896551724,Inactive
247,M. Doi,WTA,0.5334242837653479,0.4038461538461538,Inactive
248,I. Bara,WTA,0.5796178343949044,0.4259818731117824,Inactive
249,M. Puig,WTA,0.4666666666666667,0.3931034482758621,Inactive
250,Y. Wu,ATP,0.5973451327433629,0.3809523809523809,Inactive
251,M. Barthel,WTA,0.5779467680608364,0.3636363636363636,Inactive
252,V. Azarenka,WTA,0.5873573309920983,0.4748677248677248,Active
253,B. Bonzi,ATP,0.6405740378343118,0.3615531508593252,Inactive
254,J. Grabher,WTA,0.5555555555555556,0.3008849557522124,Active
255,S. Errani,WTA,0.5018587360594795,0.4970896391152503,Active
256,L. Darderi,ATP,0.6186440677966102,0.3476394849785407,Active
257,A. Bogdan,WTA,0.5662551440329218,0.42620363062352007,Active
258,C. Ugo Carabelli,ATP,0.4936708860759494,0.3026315789473684,Active
259,F. Verdasco,ATP,0.6286472148541115,0.3333333333333333,Inactive
260,D. Vekic,WTA,0.6118012422360248,0.4064193413922467,Active
261,O. Virtanen,ATP,0.6523125996810207,0.3476874003189792,Active
262,A. Pavlyuchenkova,WTA,0.5854341736694678,0.4547607768829938,Active
263,D. Kudla,ATP,0.6299292214357938,0.3456032719836401,Inactive
264,P. Cachin,ATP,0.6241935483870967,0.3478260869565217,Inactive
265,B. Holt,ATP,0.6222222222222222,0.3936170212765957,Inactive
266,C. Naef,WTA,0.4583333333333333,0.4166666666666667,Inactive
267,Y. Starodubtseva,WTA,0.5451127819548872,0.4182692307692308,Active
268,D. Aiava,WTA,0.5106382978723404,0.4071428571428571,Active
269,E. Gerasimov,ATP,0.5975609756097561,0.3295652173913043,Inactive
270,S. Kenin,WTA,0.5985489721886336,0.43962115232833454,Active
271,J. Choinski,ATP,0.6159052453468697,0.3333333333333333,Active
272,C. Su√°rez Navarro,WTA,0.5466666666666666,0.380281690140845,Inactive
273,A. Sharma,WTA,0.5724233983286908,0.3597222222222222,Inactive
274,L. Cabrera,WTA,0.5288461538461539,0.3900414937759336,Inactive
275,Y. Wickmayer,WTA,0.553133514986376,0.38400000000000006,Inactive
276,T. Pironkova,WTA,0.5844155844155844,0.4145616641901932,Inactive
277,N. Kuhn,ATP,0.6153846153846154,0.288135593220339,Inactive
278,M. Chwalinska,WTA,0.5652173913043478,0.4094488188976378,Inactive
279,S. Sanders,WTA,0.4829931972789115,0.3269230769230769,Inactive
280,R. Zarazua,WTA,0.5819397993311036,0.445578231292517,Active
281,M. Krueger,ATP,0.6257545271629779,0.3636363636363636,Active
282,M. Safwat,ATP,0.5735849056603773,0.3346613545816733,Inactive
283,A. Bolt,ATP,0.613722998729352,0.329923273657289,Active
284,J. Shang,ATP,0.6614906832298136,0.3554868624420402,Active
285,K. Nara,WTA,0.3555555555555555,0.3055555555555556,Inactive
286,J. Smith,ATP,0.5959595959595959,0.25,Inactive
287,E. Spizzirri,ATP,0.4210526315789473,0.379746835443038,Active
288,E. Liang,WTA,0.5072463768115942,0.4675324675324675,Inactive
289,C. Suarez Navarro,WTA,0.5625,0.3775510204081632,Inactive
290,U. Maitane Arconada,WTA,0.4533333333333333,0.4741379310344827,Inactive
291,N. Basilashvili,ATP,0.6092097075295582,0.3348387096774193,Inactive
292,L. Samsonova,WTA,0.6096737907761531,0.41005291005290995,Active
293,L. Pattinama Kerkhove,WTA,0.5649122807017544,0.3976833976833976,Inactive
294,M. Purcell,ATP,0.6151079136690647,0.3253588516746411,Active
295,S. Ofner,ATP,0.6155088852988692,0.3376835236541599,Active
296,M. Camila Osorio Serrano,WTA,0.5162337662337663,0.4532374100719424,Inactive
297,T. Van Rijthoven,ATP,0.6990475415174211,0.31094750320102427,Inactive
298,T. Griekspoor,ATP,0.6353868194842407,0.3226744186046512,Active
299,V. Zvonareva,WTA,0.5661764705882353,0.3725490196078431,Inactive
300,D. Thiem,ATP,0.6546961325966851,0.3908675799086758,Active
301,C. O'Connell,ATP,0.6390268123138034,0.3204592901878914,Active
302,F. Krajinovic,ATP,0.6081370449678801,0.359504132231405,Inactive
303,S. Stephens,WTA,0.5729166666666666,0.424548352816153,Active
304,P. Udvardy,WTA,0.5538847117794486,0.3837837837837838,Active
305,A. De Minaur,ATP,0.6366142789361873,0.42062713300093146,Active
306,D. Saville,WTA,0.548489666136725,0.453125,Active
307,O. Gadecki,WTA,0.5899280575539568,0.4110429447852761,Active
308,P. Gojowczyk,ATP,0.5929054054054054,0.3747826086956521,Inactive
309,C. McHale,WTA,0.515812257917521,0.4140795886258107,Inactive
310,J. Struff,ATP,0.6390322157212802,0.3602594302975306,Active
311,A. Bondar,WTA,0.5684754521963824,0.3710526315789473,Active
312,N. Milojevic,ATP,0.6226415094339622,0.423841059602649,Inactive
313,V. Golubic,WTA,0.5524534686971234,0.41716227697536096,Active
314,A. Davidovich Fokina,ATP,0.6111933668936926,0.3899852724594992,Active
315,F. Coria,ATP,0.5806650246305419,0.3506831489915419,Active
316,S. Zheng,WTA,0.54,0.4349881796690307,Active
317,A. Todoni,WTA,0.6017699115044248,0.3925233644859813,Active
318,K. Ahn,WTA,0.5130890052356021,0.3753501400560224,Inactive
319,I. Ivashka,ATP,0.6392199349945829,0.3783783783783784,Inactive
320,Z. Hives,WTA,0.4225352112676056,0.3695652173913043,Inactive
321,F. Marozsan,ATP,0.595536959553696,0.3497822931785196,Active
322,V. Williams,WTA,0.5246753246753246,0.3730272596843615,Inactive
323,F. Ferro,WTA,0.5307262569832403,0.44956772334293954,Inactive
324,I. Khromacheva,WTA,0.4666666666666667,0.1707317073170731,Inactive
325,L. Harris,ATP,0.6706484641638225,0.342094782954998,Active
326,N. Vikhlyantseva,WTA,0.5633802816901409,0.3974358974358974,Inactive
327,L. Tu,ATP,0.6135458167330677,0.2636363636363636,Active
328,K. Scott,WTA,0.5941176470588235,0.4036144578313253,Inactive
329,S. Peng,WTA,0.594059405940594,0.3673469387755102,Inactive
330,C. Lestienne,ATP,0.5150812064965197,0.3602771362586605,Active
331,C. Taberner,ATP,0.623342175066313,0.3257790368271954,Inactive
332,B. Gojo,ATP,0.6869747899159664,0.3519668737060041,Inactive
333,K. Bondarenko,WTA,0.5665399239543726,0.4145299145299145,Inactive
334,M. Hibi,WTA,0.5357142857142857,0.425287356321839,Inactive
335,M. Tomas Barrios Vera,ATP,0.725925925925926,0.2428571428571428,Inactive
336,A. Lottner,WTA,0.5076923076923077,0.3454545454545454,Inactive
337,H. Dellien,ATP,0.5429017160686428,0.2854640980735551,Inactive
338,J. Pablo Varillas,ATP,0.5704225352112676,0.3423728813559322,Inactive
339,M. McDonald,ATP,0.6230643116784167,0.36647672098469736,Active
340,O. Otte,ATP,0.6368022053756031,0.351865398683248,Inactive
341,G. Diallo,ATP,0.5903614457831325,0.3935643564356436,Active
342,C. Broom,ATP,0.6021505376344086,0.336734693877551,Active
343,A. Sasnovich,WTA,0.5417322834645669,0.422062350119904,Active
344,S. Sorribes Tormo,WTA,0.5114155251141552,0.4547926580557443,Active
345,E. Escobedo,ATP,0.6596858638743456,0.3853904282115869,Inactive
346,A. Rinderknech,ATP,0.6422062350119904,0.3238886174890083,Active
347,A. Noel,WTA,0.4406779661016949,0.3181818181818182,Active
348,B. Harris,ATP,0.6122448979591837,0.2352941176470588,Active
349,J. Konta,WTA,0.5855614973262032,0.3962703962703963,Inactive
350,G. Barrere,ATP,0.6137152777777778,0.3526490066225166,Inactive
351,R. Carballes Baena,ATP,0.603244191144235,0.3685344827586206,Active
352,N. Kyrgios,ATP,0.7031431897555297,0.3330860534124629,Inactive
353,B. Haas,WTA,0.4848484848484848,0.359375,Inactive
354,H. Laaksonen,ATP,0.6049661399548533,0.365361803084223,Inactive
355,A. Kalinskaya,WTA,0.6068571428571429,0.4084821428571428,Active
356,W. Osuigwe,WTA,0.4117647058823529,0.4137931034482758,Inactive
357,A. Anisimova,WTA,0.5791962174940898,0.4217527386541471,Active
358,D. Parry,WTA,0.5769230769230769,0.3853658536585366,Active
359,J. Loeb,WTA,0.5735294117647058,0.2,Inactive
360,X. Wang,WTA,0.584375,0.4066326530612245,Active
361,I. Jorovic,WTA,0.4930555555555556,0.3972602739726027,Inactive
362,C. Wozniacki,WTA,0.6058631921824105,0.458984375,Active
363,R. Opelka,ATP,0.6663135593220338,0.3036529680365297,Active
364,J. Rodionov,ATP,0.5791044776119403,0.3980582524271844,Inactive
365,K. Birrell,WTA,0.5235849056603774,0.358974358974359,Active
366,T. Barrios Vera,ATP,0.604982206405694,0.3767605633802817,Inactive
367,N. Han,WTA,0.4426229508196721,0.375,Inactive
368,Y. Sugita,ATP,0.580327868852459,0.2977099236641221,Inactive
369,F. Bagnis,ATP,0.6198083067092651,0.3533408833522083,Inactive
370,M. Trungelliti,ATP,0.6211538461538462,0.3430799220272904,Inactive
371,S. Voegele,WTA,0.525,0.3782894736842105,Inactive
372,E. Gorgodze,WTA,0.5,0.3113207547169811,Inactive
373,K. Siniakova,WTA,0.5454545454545454,0.4248484848484848,Active
374,J. Millman,ATP,0.6148097826086957,0.368815592203898,Inactive
375,L. Djere,ATP,0.6249056603773585,0.3594292325491708,Active
376,R. Masarova,WTA,0.5797546012269938,0.35828025477707,Active
377,P. Hon,WTA,0.4680851063829787,0.4545454545454545,Active
378,C. Paquet,WTA,0.5100671140939598,0.3345323741007194,Active
379,D. Yastremska,WTA,0.5672981056829511,0.4098039215686274,Active
380,J. Teichmann,WTA,0.5236686390532544,0.3802395209580838,Inactive
381,J. Ostapenko,WTA,0.5693359375,0.4708311822405782,Active
382,J. Paolini,WTA,0.5580995993131082,0.42170160295930953,Active
383,E. Ymer,ATP,0.5513513513513514,0.35860058309037895,Active
384,L. Sonego,ATP,0.6560215467487496,0.3506348020911127,Active
385,D. Lao,WTA,0.5643564356435643,0.3076923076923077,Inactive
386,E. Avanesyan,WTA,0.5114155251141552,0.4398249452954048,Active
387,A. Cornet,WTA,0.5651438240270727,0.4589426321709786,Inactive
388,M. Cilic,ATP,0.6627486437613019,0.36453839516824854,Inactive
389,S. Kartal,WTA,0.56,0.4059139784946236,Active
390,I. Begu,WTA,0.5128205128205128,0.4166666666666667,Inactive
391,B. Tomic,ATP,0.5529411764705883,0.3378378378378378,Inactive
392,A. Li,WTA,0.5453648915187377,0.4454365079365079,Active
393,A. Petkovic,WTA,0.5506329113924051,0.413738019169329,Inactive
394,M. Inglis,WTA,0.5414012738853503,0.3767123287671233,Inactive
395,N. Schunk,WTA,0.5254237288135594,0.2653061224489796,Inactive
396,G. Mager,ATP,0.6220204313280363,0.3142112125162972,Inactive
397,A. Shevchenko,ATP,0.5668016194331984,0.3409090909090909,Active
398,B. Nakashima,ATP,0.6851607221488332,0.3557398515931907,Active
399,K. Coppejans,ATP,0.5918367346938775,0.3085501858736059,Inactive
400,S. Bejlek,WTA,0.5,0.2765957446808511,Inactive
401,P. Stearns,WTA,0.573632538569425,0.43870014771048743,Active
402,M. Bellucci,ATP,0.68,0.3154929577464789,Active
403,R. Sramkova,WTA,0.5230769230769231,0.2549019607843137,Active
404,U. Blanch,ATP,0.6289308176100629,0.3071428571428571,Inactive
405,E. Mandlik,WTA,0.5066666666666667,0.4137931034482758,Inactive
406,E. Quinn,ATP,0.5247524752475248,0.3411764705882353,Inactive
407,S. Hunter,WTA,0.3764705882352941,0.3917525773195876,Inactive
408,M. Bassols Ribera,WTA,0.4931506849315068,0.3620689655172414,Active
409,D. Masur,ATP,0.6363636363636364,0.3053435114503817,Inactive
410,Y. In Albon,WTA,0.4705882352941176,0.2978723404255319,Inactive
411,T. Ito,ATP,0.6114285714285714,0.3271604938271605,Inactive
412,R. Albot,ATP,0.5844428871758934,0.3478260869565217,Active
413,Y. Nishioka,ATP,0.5943529411764705,0.3462657613967022,Active
414,M. Kecmanovic,ATP,0.6092636579572448,0.3786444528587656,Active
415,M. Berrettini,ATP,0.7021134593993326,0.3505334204223819,Active
416,B. Andreescu,WTA,0.6070967741935483,0.413926499032882,Active
417,C. Vandeweghe,WTA,0.6032171581769437,0.3365155131264916,Inactive
418,M. Sherif,WTA,0.5803921568627451,0.3524355300859599,Active
419,T. Fritz,ATP,0.6843800322061192,0.37296572850852,Active
420,M. Cressy,ATP,0.6856663872590109,0.3075657894736842,Inactive
421,M. Giron,ATP,0.6112224448897795,0.3438524590163934,Active
422,J. Duckworth,ATP,0.6164581328200193,0.3348933957358294,Active
423,E. Nava,ATP,0.6115384615384616,0.329608938547486,Inactive
424,S. Stakhovsky,ATP,0.6190476190476191,0.3513513513513513,Inactive
425,Z. Svajda,ATP,0.6126315789473684,0.35203094777562854,Active
426,J. Munar,ATP,0.6049861495844875,0.3770755222281735,Active
427,G. Pella,ATP,0.6181506849315068,0.3472803347280335,Inactive
428,I. Jovic,WTA,0.5783132530120482,0.4385964912280701,Active
429,D. Galan,ATP,0.6093942028836375,0.3745817010957282,Active
430,R. Federer,ATP,0.6796565389696169,0.3826466916354556,Inactive
431,A. Muller,ATP,0.5826001955034213,0.35729847494553385,Active
432,B. Van De Zandschulp,ATP,0.6343793287728532,0.3762641756755343,Active
433,V. Lapko,WTA,0.5066666666666667,0.4444444444444444,Inactive
434,M. Andreeva,WTA,0.5557299843014128,0.4407027818448023,Active
435,M. Frech,WTA,0.5405405405405406,0.4065743944636678,Active
436,Y. Lu,ATP,0.5338983050847458,0.2719665271966527,Inactive
437,E. Shibahara,WTA,0.5121951219512195,0.4213483146067415,Active
438,A. Krunic,WTA,0.5535714285714286,0.4297082228116711,Inactive
439,J. Fett,WTA,0.4038461538461538,0.4464285714285714,Inactive
440,M. Polmans,ATP,0.5913120567375887,0.3835360149672591,Inactive
441,A. Barty,WTA,0.6375239310784939,0.4585492227979275,Inactive
442,L. Giustino,ATP,0.5222772277227723,0.3446327683615819,Inactive
443,Y. Hsun Lu,ATP,0.5576923076923077,0.3185840707964602,Inactive
444,G. Soeda,ATP,0.625,0.1538461538461538,Inactive
445,L. Lokoli,ATP,0.5785123966942148,0.2803738317757009,Inactive
446,J. Kovalik,ATP,0.6336633663366337,0.2766990291262136,Inactive
447,C. Dolehide,WTA,0.4919540229885057,0.3776041666666667,Active
448,J. Ponchet,WTA,0.5929203539823009,0.3777777777777777,Active
449,A. Rublev,ATP,0.6809178270249069,0.3824859779265424,Active
450,P. Kvitova,WTA,0.624314056563951,0.4392945036915504,Inactive
451,Y. Bonaventure,WTA,0.5331230283911672,0.4139072847682119,Inactive
452,S. Waltert,WTA,0.5454545454545454,0.373134328358209,Inactive
453,A. Rodionova,WTA,0.4919093851132686,0.434640522875817,Active
454,B. Coric,ATP,0.6474127557160048,0.3460859329017068,Active
455,U. Humbert,ATP,0.6506602641056423,0.35244324740284727,Active
456,C. McNally,WTA,0.5597345132743363,0.39491916859122406,Inactive
457,K. Kanepi,WTA,0.5901033973412112,0.4029629629629629,Inactive
458,V. Pospisil,ATP,0.6462035541195477,0.3051470588235294,Inactive
459,K. Volynets,WTA,0.5336225596529284,0.41741071428571425,Active
460,N. Podoroska,WTA,0.5143104943625325,0.44238856181665265,Active
461,A. Fils,ATP,0.6313594662218516,0.3529929577464789,Active
462,R. Hijikata,ATP,0.5868392664509169,0.3910550458715596,Active
463,P. Maria Tig,WTA,0.5442622950819672,0.4200626959247649,Inactive
464,L. Fruhvirtova,WTA,0.5283842794759825,0.3708333333333333,Inactive
465,M. Arnaldi,ATP,0.6352549889135255,0.3640552995391705,Active
466,C. Bucsa,WTA,0.5314207650273224,0.425531914893617,Active
467,L. Pouille,ATP,0.6006191950464397,0.331578947368421,Active
468,E. Svitolina,WTA,0.6181619256017505,0.4420898794300328,Active
469,S. Travaglia,ATP,0.569158878504673,0.3488142292490118,Inactive
470,S. Halep,WTA,0.6057988895743368,0.48477466504263084,Inactive
471,A. Fery,ATP,0.5708955223880597,0.3668122270742358,Active
472,N. Stojanovic,WTA,0.5212765957446809,0.3702290076335878,Inactive
473,T. Prozorova,WTA,0.4603174603174603,0.36,Inactive
474,E. Couacaud,ATP,0.6629072681704261,0.3024193548387097,Inactive
475,T. Seyboth Wild,ATP,0.5982905982905983,0.3004484304932735,Active
476,E. Perez,WTA,0.484375,0.3137254901960784,Inactive
477,L. Pigossi,WTA,0.4035087719298245,0.4038461538461538,Inactive
478,T. Droguet,ATP,0.6193771626297578,0.3613138686131387,Inactive
479,C. Bellis,WTA,0.5544554455445545,0.4222222222222222,Inactive
480,T. Preston,WTA,0.4102564102564102,0.2978723404255319,Active
481,L. Chirico,WTA,0.4090909090909091,0.3260869565217391,Inactive
482,E. Vesnina,WTA,0.6157894736842106,0.4334763948497854,Inactive
483,K. Swan,WTA,0.5855855855855856,0.3170731707317073,Inactive
484,S. Sierra,WTA,0.4727272727272727,0.2745098039215686,Active
485,A. Bublik,ATP,0.6554973821989529,0.3576470588235294,Active
486,C. Ruud,ATP,0.6618111192036902,0.3861664712778429,Active
487,A. Van Uytvanck,WTA,0.5412474849094567,0.4093376764386536,Active
488,D. Kovinic,WTA,0.4656188605108055,0.3577405857740586,Inactive
489,M. Mmoh,ATP,0.6371616678858815,0.3254392666157372,Inactive
490,D. Shapovalov,ATP,0.6619500900437355,0.3728898966994205,Active
491,R. Montgomery,WTA,0.5168067226890757,0.3181818181818182,Active
492,L. Tien,ATP,0.5239520958083832,0.3378839590443686,Active
493,H. Mayot,ATP,0.6377245508982036,0.3636363636363636,Inactive
494,L. Davis,WTA,0.547700754975978,0.41096866096866086,Active
495,B. Bencic,WTA,0.5972073039742213,0.4334698055271238,Inactive
496,K. Rakhimova,WTA,0.5752351097178683,0.3976510067114094,Active
497,H. Medjedovic,ATP,0.616600790513834,0.3382899628252788,Active
498,N. Hibino,WTA,0.5579847908745247,0.3862745098039216,Active
499,D. Collins,WTA,0.595514950166113,0.43043844856661034,Active
500,A. Murray,ATP,0.6424308193163321,0.3688745288099084,Inactive
501,K. Bertens,WTA,0.5437853107344632,0.4823695345557123,Inactive
502,K. Anderson,ATP,0.671864406779661,0.2949340735600277,Inactive
503,A. Friedsam,WTA,0.5,0.4375,Inactive
504,J. Lehecka,ATP,0.6495575221238938,0.3563318777292576,Active
505,E. Rybakina,WTA,0.6354975299929428,0.44038594073053067,Active
506,T. Martin Etcheverry,ATP,0.6448467966573816,0.34794711203896994,Active
507,H. Dart,WTA,0.5212014134275618,0.45388788426763116,Active
508,J. Londero,ATP,0.5514809590973202,0.3712480252764613,Inactive
509,A. Tomljanovic,WTA,0.5602678571428571,0.45057471264367804,Active
510,C. Osorio,WTA,0.4916201117318435,0.47237076648841353,Active
511,A. Balazs,ATP,0.5342205323193916,0.313152400835073,Inactive
512,B. Pera,WTA,0.5633293124246079,0.4021024967148489,Active
513,J. Sousa,ATP,0.5945611866501854,0.3293978748524203,Inactive
514,V. Kudermetova,WTA,0.5941759603469641,0.4110275689223057,Active
515,A. Kontaveit,WTA,0.6061120543293718,0.4463768115942029,Inactive
516,B. Haddad Maia,WTA,0.6270373921380633,0.4389561975768872,Active
517,A. Michelsen,ATP,0.6081081081081081,0.3711967545638945,Active
518,R. Safiullin,ATP,0.655592469545958,0.3873050026896181,Active
519,F. Crawley,WTA,0.423728813559322,0.4363636363636363,Inactive
520,E. Jacquemot,WTA,0.4661354581673306,0.3849372384937238,Active
521,L. Stefanini,WTA,0.5072463768115942,0.410958904109589,Inactive
522,B. Shelton,ATP,0.6903695408734603,0.3490716180371352,Active
523,T. Townsend,WTA,0.5885797950219619,0.3945086705202312,Active
524,P. Herbert,ATP,0.59791489667474,0.38576971920417663,Inactive
525,Y. Hsiou Hsu,ATP,0.6604651162790698,0.3672566371681416,Inactive
526,Z. Bergs,ATP,0.6524163568773235,0.3556280587275693,Active
527,M. Uchijima,WTA,0.5102040816326531,0.3850267379679144,Active
528,I. Karlovic,ATP,0.7142857142857143,0.2384428223844282,Inactive
529,S. Murray Sharan,WTA,0.5068493150684932,0.3269230769230769,Inactive
530,J. Niemeier,WTA,0.5894648829431438,0.441077441077441,Active
531,P. Kotov,ATP,0.580327868852459,0.349146110056926,Active
532,A. Gray,ATP,0.6390243902439025,0.3564356435643564,Inactive
533,L. Mayer,ATP,0.5797101449275363,0.2484848484848484,Inactive
534,D. Lajovic,ATP,0.6143659711075441,0.3676061929337038,Active
535,B. Klahn,ATP,0.5603448275862069,0.2613636363636363,Inactive
536,R. Marino,WTA,0.5905631659056316,0.4014925373134328,Inactive
537,D. Altmaier,ATP,0.6113002042205582,0.3755274261603376,Active
538,A. Seppi,ATP,0.6238968092328581,0.3404401650618982,Inactive
539,K. Khachanov,ATP,0.6607236497115889,0.3729580296556923,Active
540,I. Swiatek,WTA,0.6212707182320442,0.4770218228498074,Active
541,J. Thompson,ATP,0.6340652029274784,0.3634840871021775,Active
542,F. Delbonis,ATP,0.6009892827699918,0.3800335570469799,Inactive
543,T. Machac,ATP,0.5990922844175491,0.3991967871485943,Active
544,M. Marterer,ATP,0.6375661375661376,0.281703775411423,Active
545,M. Joint,WTA,0.5648148148148148,0.4,Active
546,B. Fratangelo,ATP,0.5876288659793815,0.3865546218487395,Inactive
547,F. Auger-Aliassime,ATP,0.67115204806792,0.3543718601488153,Active
548,A. Krueger,WTA,0.5483870967741935,0.3725910064239828,Active
549,M. Bourgue,ATP,0.5444444444444444,0.35,Inactive
550,E. Donskoy,ATP,0.5823529411764706,0.2756183745583039,Inactive
551,M. Raonic,ATP,0.7205459770114943,0.3486616334934796,Inactive
552,N. Osaka,WTA,0.66320293398533,0.4208381839348079,Active
553,M. Andrea Huesler,ATP,0.6688417618270799,0.3048387096774193,Inactive
554,A. Martin,ATP,0.5730337078651685,0.3679458239277652,Inactive
555,J. Cristian,WTA,0.5418181818181819,0.3739837398373983,Active
556,C. Alcaraz,ATP,0.6575677327357914,0.4073789392774788,Active
557,M. Cecchinato,ATP,0.5971530249110321,0.3563474387527839,Inactive
558,Y. Miyazaki,WTA,0.561439639109542,0.4021966174786065,Active
559,S. Querrey,ATP,0.6540284360189573,0.2914375490966222,Inactive
560,L. Jeanjean,WTA,0.5625,0.1944444444444444,Inactive
561,H. Gaston,ATP,0.572083879423329,0.3766784452296819,Active
562,D. Schwartzman,ATP,0.6022021456804065,0.4386154678204434,Active
563,M. Kasnikowski,ATP,0.5515151515151515,0.3594771241830065,Active
564,D. Gavrilova,WTA,0.5574324324324325,0.4599303135888501,Inactive
565,S. Vickery,WTA,0.5692771084337349,0.4236111111111111,Inactive
566,M. Forbes,ATP,0.5357142857142857,0.3300970873786408,Active
567,C. Ngounoue,WTA,0.375,0.3333333333333333,Inactive
568,M. Osorio Serrano,WTA,0.3970588235294117,0.5285714285714286,Inactive
569,J. Goerges,WTA,0.6227848101265823,0.4395061728395061,Inactive
570,C. Tauson,WTA,0.5461767626613703,0.3884738527214514,Active
571,O. Dodin,WTA,0.5258620689655172,0.3278301886792453,Active
572,H. Hurkacz,ATP,0.6761935693406951,0.3629426129426129,Active
573,K. Boulter,WTA,0.5825454545454546,0.3973458235753317,Active
574,C. Liu,WTA,0.5736925515055468,0.368916797488226,Inactive
575,A. Riske-Amritraj,WTA,0.5762616624257846,0.42378700524713353,Inactive
576,K. Majchrzak,ATP,0.5864570737605804,0.3253301320528211,Inactive
577,M. Torpegaard,ATP,0.6019417475728155,0.231578947368421,Inactive
578,E. Raducanu,WTA,0.6138279932546374,0.465043205027494,Active
579,M. Lourdes Carle,WTA,0.4370860927152318,0.4488636363636363,Active
580,A. Tabilo,ATP,0.6507324595219738,0.3338775510204081,Active
581,T. Maria,WTA,0.5722488038277512,0.4087378640776699,Active
582,M. Navone,ATP,0.5705329153605015,0.3484320557491289,Active
583,G. Dimitrov,ATP,0.6708860759493671,0.3945902943516308,Active
584,O. Danilovic,WTA,0.5671140939597316,0.3611111111111111,Active
585,J. Tsonga,ATP,0.6249685771744595,0.2930244007507923,Inactive
586,J. Chardy,ATP,0.5859296482412061,0.3084522502744237,Inactive
587,P. Badosa,WTA,0.5971905846621108,0.4453363914373088,Active
588,D. Goffin,ATP,0.6138184245660881,0.40472972972972976,Active
589,K. Muchova,WTA,0.5984398216939079,0.4325209166969807,Active
590,R. Nadal,ATP,0.6839841164791528,0.4361735825150459,Inactive
591,E. Lys,WTA,0.5541666666666667,0.4304347826086956,Active
592,E. Rodina,WTA,0.5144508670520231,0.4850299401197604,Inactive
593,V. Hruncakova,WTA,0.5705128205128205,0.3614457831325301,Inactive
594,P. Carreno Busta,ATP,0.6542349250609969,0.3770875083500334,Active
595,C. Garcia,WTA,0.6076005302695537,0.4082813891362422,Active
596,R. Peniston,ATP,0.5798319327731093,0.3333333333333333,Inactive
597,E. Cocciaretto,WTA,0.5481283422459893,0.419753086419753,Active
598,F. Jones,WTA,0.5691489361702128,0.3314917127071823,Active
599,C. Tseng,ATP,0.5951361126975061,0.34511152803835726,Inactive
600,Z. Kolar,ATP,0.5542168674698795,0.2238805970149253,Inactive
601,B. Strycova,WTA,0.5648312611012434,0.4135188866799205,Inactive
602,S. Shimabukuro,ATP,0.4838709677419355,0.3,Inactive
603,T. Babos,WTA,0.5341246290801187,0.3249211356466877,Inactive
604,V. Diatchenko,WTA,0.4776785714285714,0.3779904306220095,Inactive
605,H. Searle,ATP,0.639344262295082,0.2894736842105263,Active
606,O. Babel,WTA,0.5068493150684932,0.288135593220339,Inactive
607,M. Hontama,WTA,0.5211267605633803,0.4554455445544554,Inactive
608,J. Fourlis,WTA,0.465648854961832,0.3902439024390244,Inactive
609,N. Stevanovic,WTA,0.5833333333333334,0.4430379746835443,Inactive
